id,repository,file,line,description,snippet
"FND-001","dubinc/dub","apps/web/app/(ee)/api/cron/campaigns/broadcast/route.ts",1,"Function 'POST' in apps/web/app/(ee)/api/cron/campaigns/broadcast/route.ts has cognitive complexity 42 (threshold: 15). Complex control flow makes this function hard to understand and maintain.",""
"FND-002","dubinc/dub","app/app.dub.co/(dashboard)/[slug]/(ee)/program/campaigns/use-campaigns-count.tsx",13,"Deviation in useCampaignsCount(): uses error-object instead of dominant throw","export default function useCampaignsCount<T>({"
"FND-003","calcom/cal.com","watchlist/lib/service/AdminWatchlistOperationsService.ts",157,"Deviation in addToWatchlistByEmail(): uses success-boolean instead of dominant throw",""
"FND-004","dubinc/dub","apps/web/ui/domains/domain-configuration.tsx",1,"Function 'DomainConfiguration' in apps/web/ui/domains/domain-configuration.tsx has cognitive complexity 51 (threshold: 15). Complex control flow makes this function hard to understand and maintain.",""
"FND-005","dubinc/dub","ui/partners/rewards/ai-reward-builder.tsx",161,"Deviation in useAIRewardBuilder(): uses error-object instead of dominant throw","export function useAIRewardBuilder({"
"FND-006","calcom/cal.com","conferencing/lib/videoClient.ts",105,"Deviation in updateMeeting(): uses result-pattern instead of dominant throw",""
"FND-007","calcom/cal.com","auth/signup/lib/fetchSignup.ts",28,"Deviation in fetchSignup(): uses error-object instead of dominant throw",""
"FND-008","dubinc/dub","apps/web/lib/tinybird/record-click.ts",1,"Function 'recordClick' in apps/web/lib/tinybird/record-click.ts has cognitive complexity 56 (threshold: 15). Complex control flow makes this function hard to understand and maintain.",""
"FND-009","dubinc/dub","lib/api/domains/utils.ts",6,"Deviation in validateDomain(): uses error-object instead of dominant throw","export const validateDomain = async ("
"FND-010","dubinc/dub","apps/web/ui/support/source-citations.tsx",1,"Complexity: 10, LOC: 32. No docstring. No corresponding test found.",""
"FND-011","calcom/cal.com","unknown",1,"Architectural analyzer signal",""
"FND-012","calcom/cal.com","webhooks/lib/service/WebhookService.ts",270,"Deviation in anonymous(): uses success-boolean instead of dominant throw",""
"FND-013","calcom/cal.com","bookings/lib/EventManager.ts",377,"Deviation in isCalendarResult(): uses result-pattern instead of dominant throw",""
"FND-014","dubinc/dub","apps/web/ui/modals/qr-code-design-fields.tsx",1,"apps/web/ui/modals/qr-code-design-fields.tsx exports 13/16 public symbols that are never imported elsewhere: ColorSection, SquareDotIcon, RoundedDotIcon, ExtraRoundedDotIcon, MarkerCenterSquareIcon, MarkerCenterCircleIcon, MarkerBorderSquareIcon, MarkerBorderRoundedIcon, MarkerBorderCircleIcon, DownloadPopover…. Dead code increases maintenance cost and confuses contributors.",""
"FND-015","dubinc/dub","apps/web/ui/partners/rewards/add-edit-reward-sheet.tsx",1,"Complexity: 7, LOC: 19. No docstring. No corresponding test found. No return type annotation.",""
"FND-016","dubinc/dub","apps/web/ui/links/link-builder/use-link-builder-submit.tsx",1,"Complexity: 31, LOC: 164. No docstring. No corresponding test found. No return type annotation.",""
"FND-017","dubinc/dub","apps/web/ui/partners/program-application-review-sheet.tsx",1,"Complexity: 6, LOC: 76. No docstring. No corresponding test found. No return type annotation.",""
"FND-018","dubinc/dub","ui/partners/bounties/use-social-content.ts",11,"Deviation in useSocialContent(): uses error-object instead of dominant throw","export function useSocialContent({ bountyId, url }: UseSocialContentParams) {"
"FND-019","dubinc/dub","apps/web/app/app.dub.co/(dashboard)/[slug]/(ee)/program/commissions/create-commission-sheet.tsx",1,"Function 'onSubmit' in apps/web/app/app.dub.co/(dashboard)/[slug]/(ee)/program/commissions/create-commission-sheet.tsx has cognitive complexity 27 (threshold: 15). Complex control flow makes this function hard to understand and maintain.",""
"FND-020","dubinc/dub","apps/web/lib/api/fraud/detect-record-fraud-application.ts",1,"Function 'detectAndRecordFraudApplication' in apps/web/lib/api/fraud/detect-record-fraud-application.ts has cognitive complexity 40 (threshold: 15). Complex control flow makes this function hard to understand and maintain.",""
"FND-021","dubinc/dub","apps/web/app/(ee)/admin.dub.co/(dashboard)/partners/network/page.tsx",1,"Function 'NetworkApplicationsPage' in apps/web/app/(ee)/admin.dub.co/(dashboard)/partners/network/page.tsx has cognitive complexity 78 (threshold: 15). Complex control flow makes this function hard to understand and maintain.",""
"FND-022","dubinc/dub","app/(ee)/api/admin/impersonate/route.ts",113,"Deviation in parseImpersonateQuery(): uses error-object instead of dominant throw","function parseImpersonateQuery("
"FND-023","dubinc/dub","app/app.dub.co/(dashboard)/[slug]/(ee)/program/campaigns/use-campaign.tsx",7,"Deviation in useCampaign(): uses error-object instead of dominant throw","export default function useCampaign() {"
"FND-024","calcom/cal.com","unknown",1,"Architectural analyzer signal",""
"FND-025","dubinc/dub","lib/api/links/utils/key-checks.ts",12,"Deviation in keyChecks(): uses error-object instead of dominant throw","export async function keyChecks({"
"FND-026","calcom/cal.com","bookings/lib/EventManager.ts",1192,"Deviation in anonymous(): uses success-boolean instead of dominant throw",""
"FND-027","dubinc/dub","apps/web/lib/api/utils",1,"4 error_handling variants in apps/web/lib/api/utils/ (1/4 use canonical pattern).
  - Framework-facing module detected; severity was context-calibrated for endpoint/orchestration diversity.
  - apps/web/lib/api/utils/format-money-cents-for-export.ts:21 (formatMoneyCentsForExport)
  - apps/web/lib/api/utils/is-non-empty-json.ts:6 (isNonEmptyJson)
  - apps/web/lib/api/utils/with-prisma-retry.ts:34 (withPrismaRetry)",""
"FND-028","calcom/cal.com","watchlist/lib/service/WatchlistOperationsService.ts",67,"Deviation in createWatchlistEntry(): uses success-boolean instead of dominant throw",""
"FND-029","calcom/cal.com","unknown",1,"Architectural analyzer signal",""
"FND-030","calcom/cal.com","bookings/lib/EventManager.ts",1219,"Deviation in anonymous(): uses success-boolean instead of dominant throw",""
"FND-031","calcom/cal.com","unknown",1,"Architectural analyzer signal",""
"FND-032","dubinc/dub","apps/web/ui/layout/page-content/page-content-with-side-panel.tsx",1,"Complexity: 7, LOC: 98. No docstring. No corresponding test found. No return type annotation.",""
"FND-033","calcom/cal.com","unknown",1,"Architectural analyzer signal",""
"FND-034","dubinc/dub","apps/web/app/(ee)/admin.dub.co/(dashboard)/partners/network/identity-verification.tsx",1,"Complexity: 17, LOC: 180. No docstring. No corresponding test found. No return type annotation.",""
"FND-035","calcom/cal.com","unknown",1,"Architectural analyzer signal",""
"FND-036","dubinc/dub","app/(ee)/api/cron/streams/update-partner-stats/route.ts",41,"Deviation in anonymous(): uses success-boolean instead of dominant throw","async (entries) => {"
"FND-037","dubinc/dub","app/(ee)/api/cron/streams/update-click-stats/route.ts",154,"Deviation in anonymous(): uses success-boolean instead of dominant throw","async (entries) => {"
"FND-038","dubinc/dub","apps/web/ui/layout/sidebar/icons/grid.tsx",1,"4/4 semantic units are isolated (mean best similarity=0.00, isolation ratio=1.00).",""
"FND-039","dubinc/dub","apps/web/app/(ee)/app.dub.co/embed/referrals/resources.tsx",1,"Complexity: 11, LOC: 101. No docstring. No corresponding test found. No return type annotation.",""
"FND-040","dubinc/dub","app/(ee)/api/cron/streams/update-click-stats/route.ts",243,"Deviation in anonymous(): uses success-boolean instead of dominant throw","async (update) => {"
"FND-041","dubinc/dub","app/(ee)/api/admin/impersonate/route.ts",343,"Deviation in findUser(): uses error-object instead of dominant throw","async function findUser(identifier: ImpersonateIdentifier) {"
"FND-042","dubinc/dub","apps/web/lib/integrations/hubspot/track-lead.ts",1,"Complexity: 7, LOC: 49. No docstring. No corresponding test found. No return type annotation.",""
"FND-043","calcom/cal.com","unknown",1,"Architectural analyzer signal",""
"FND-044","dubinc/dub","apps/web/app/(ee)/partners.dub.co/(dashboard)/messages/[programSlug]/page.tsx",1,"Complexity: 12, LOC: 177. No docstring. No corresponding test found. No return type annotation.",""
"FND-045","calcom/cal.com","oauth/services/OAuthService.ts",385,"Deviation in verifyPKCE(): uses error-object instead of dominant throw",""
"FND-046","dubinc/dub","apps/web/app/(ee)/admin.dub.co/(dashboard)/revenue/page.tsx",1,"Complexity: 10, LOC: 20. No docstring. No corresponding test found. No return type annotation.",""
"FND-047","dubinc/dub","apps/web/ui/partners/groups/design/application-form/program-application-form.tsx",1,"Function 'ProgramApplicationForm' in apps/web/ui/partners/groups/design/application-form/program-application-form.tsx has cognitive complexity 20 (threshold: 15). Complex control flow makes this function hard to understand and maintain.",""
"FND-048","dubinc/dub","apps/web/app/app.dub.co/(dashboard)/[slug]/(ee)/program/campaigns/[campaignId]/transactional-campaign-logic.tsx",1,"Function 'ConditionRow' in apps/web/app/app.dub.co/(dashboard)/[slug]/(ee)/program/campaigns/[campaignId]/transactional-campaign-logic.tsx has cognitive complexity 26 (threshold: 15). Complex control flow makes this function hard to understand and maintain.",""
"FND-049","dubinc/dub","apps/web/ui/partners/groups/design/lander/modals/accordion-block-modal.tsx",1,"Function 'AccordionBlockModalInner' in apps/web/ui/partners/groups/design/lander/modals/accordion-block-modal.tsx has cognitive complexity 16 (threshold: 15). Complex control flow makes this function hard to understand and maintain.",""
"FND-050","calcom/cal.com","calendars/lib/CalendarManager.ts",130,"Deviation in anonymous(): uses error-object instead of dominant throw",""
"FND-051","dubinc/dub","apps/web/ui/partners/groups/design/application-form/fields/image-upload-field.tsx",1,"Function 'ImageUploadFieldContent' in apps/web/ui/partners/groups/design/application-form/fields/image-upload-field.tsx has cognitive complexity 63 (threshold: 15). Complex control flow makes this function hard to understand and maintain.",""
"FND-052","dubinc/dub","apps/web/lib/partner-referrals/create-network-referral-commission.ts",1,"Function 'createNetworkReferralCommission' in apps/web/lib/partner-referrals/create-network-referral-commission.ts has cognitive complexity 17 (threshold: 15). Complex control flow makes this function hard to understand and maintain.",""
"FND-053","calcom/cal.com","calendars/lib/CalendarManager.ts",296,"Deviation in getBusyCalendarTimes(): uses success-boolean instead of dominant throw",""
"FND-054","t3-oss/create-t3-app","unknown",1,"Architectural analyzer signal",""
"FND-055","dubinc/dub","ui/support/ticket-upload.tsx",30,"Deviation in uploadToPlain(): uses error-object instead of dominant throw","async function uploadToPlain("
"FND-056","dubinc/dub","apps/web/app/(ee)/api/partner-profile/programs/[programId]/referrals/route.ts",1,"Function '<anonymous>' in apps/web/app/(ee)/api/partner-profile/programs/[programId]/referrals/route.ts has cognitive complexity 16 (threshold: 15). Complex control flow makes this function hard to understand and maintain.",""
"FND-057","calcom/cal.com","watchlist/lib/service/AdminWatchlistOperationsService.ts",228,"Deviation in bulkDismissReportsByEmail(): uses success-boolean instead of dominant throw",""
"FND-058","calcom/cal.com","unknown",1,"Architectural analyzer signal",""
"FND-059","calcom/cal.com","watchlist/lib/service/WatchlistOperationsService.ts",88,"Deviation in deleteWatchlistEntry(): uses success-boolean instead of dominant throw",""
"FND-060","dubinc/dub","apps/web/ui/partners/partner-info-cards.tsx",1,"apps/web/ui/partners/partner-info-cards.tsx imports 21 unique modules (threshold: 15). High fan-out indicates a coupling hub that is fragile to upstream changes.",""
