item_id,repository,file_location,function_or_symbol,observed_pattern,expected_convention,codebase_dominant_pattern,developer_verdict_options,developer_notes
"ITEM-01","dubinc/dub","ui/support/ticket-upload.tsx:30","uploadToPlain()","error-object","throw","95%+ of module throw vs return error","[ ] Worth fixing / [ ] Intentional domain pattern / [ ] False alarm",""
"ITEM-02","dubinc/dub","ui/partners/rewards/ai-reward-builder.tsx:161","useAIRewardBuilder()","error-object","throw","95%+ of module throw vs return error","[ ] Worth fixing / [ ] Intentional domain pattern / [ ] False alarm",""
"ITEM-03","dubinc/dub","ui/partners/bounties/use-social-content.ts:11","useSocialContent()","error-object","throw","95%+ of module throw vs return error","[ ] Worth fixing / [ ] Intentional domain pattern / [ ] False alarm",""
"ITEM-04","dubinc/dub","app/app.dub.co/(dashboard)/[slug]/(ee)/program/campaigns/use-campaigns-count.tsx:13","useCampaignsCount()","error-object","throw","95%+ of module throw vs return error","[ ] Worth fixing / [ ] Intentional domain pattern / [ ] False alarm",""
"ITEM-05","dubinc/dub","app/app.dub.co/(dashboard)/[slug]/(ee)/program/campaigns/use-campaign.tsx:7","useCampaign()","error-object","throw","95%+ of module throw vs return error","[ ] Worth fixing / [ ] Intentional domain pattern / [ ] False alarm",""
"ITEM-06","dubinc/dub","lib/api/errors.ts:65","fromZodError()","error-object","throw","95%+ of module throw vs return error","[ ] Worth fixing / [ ] Intentional domain pattern / [ ] False alarm",""
"ITEM-07","dubinc/dub","lib/api/errors.ts:93","handleApiError()","error-object","throw","95%+ of module throw vs return error","[ ] Worth fixing / [ ] Intentional domain pattern / [ ] False alarm",""
"ITEM-08","dubinc/dub","lib/api/oauth/actions.ts:7","validateAuthorizeRequest()","error-object","throw","95%+ of module throw vs return error","[ ] Worth fixing / [ ] Intentional domain pattern / [ ] False alarm",""
"ITEM-09","dubinc/dub","lib/api/links/process-link.ts:28","processLink()","error-object","throw","95%+ of module throw vs return error","[ ] Worth fixing / [ ] Intentional domain pattern / [ ] False alarm",""
"ITEM-10","dubinc/dub","lib/api/domains/validate-dub-link-subdomain.ts:9","validateDubLinkSubdomain()","error-object","throw","95%+ of module throw vs return error","[ ] Worth fixing / [ ] Intentional domain pattern / [ ] False alarm",""
"ITEM-11","dubinc/dub","lib/api/domains/utils.ts:6","validateDomain()","error-object","throw","95%+ of module throw vs return error","[ ] Worth fixing / [ ] Intentional domain pattern / [ ] False alarm",""
"ITEM-12","dubinc/dub","lib/api/links/utils/key-checks.ts:12","keyChecks()","error-object","throw","95%+ of module throw vs return error","[ ] Worth fixing / [ ] Intentional domain pattern / [ ] False alarm",""
"ITEM-13","dubinc/dub","app/(ee)/api/admin/impersonate/route.ts:113","parseImpersonateQuery()","error-object","throw","95%+ of module throw vs return error","[ ] Worth fixing / [ ] Intentional domain pattern / [ ] False alarm",""
"ITEM-14","dubinc/dub","app/(ee)/api/admin/impersonate/route.ts:343","findUser()","error-object","throw","95%+ of module throw vs return error","[ ] Worth fixing / [ ] Intentional domain pattern / [ ] False alarm",""
"ITEM-15","dubinc/dub","app/(ee)/api/cron/streams/update-workspace-links-usage/route.ts:81","anonymous()","success-boolean","throw","95%+ of module throw vs return error","[ ] Worth fixing / [ ] Intentional domain pattern / [ ] False alarm",""
"ITEM-16","dubinc/dub","app/(ee)/api/cron/streams/update-partner-stats/route.ts:41","anonymous()","success-boolean","throw","95%+ of module throw vs return error","[ ] Worth fixing / [ ] Intentional domain pattern / [ ] False alarm",""
"ITEM-17","dubinc/dub","app/(ee)/api/cron/streams/update-click-stats/route.ts:154","anonymous()","success-boolean","throw","95%+ of module throw vs return error","[ ] Worth fixing / [ ] Intentional domain pattern / [ ] False alarm",""
"ITEM-18","dubinc/dub","app/(ee)/api/cron/streams/update-click-stats/route.ts:194","anonymous()","success-boolean","throw","95%+ of module throw vs return error","[ ] Worth fixing / [ ] Intentional domain pattern / [ ] False alarm",""
"ITEM-19","dubinc/dub","app/(ee)/api/cron/streams/update-click-stats/route.ts:220","anonymous()","success-boolean","throw","95%+ of module throw vs return error","[ ] Worth fixing / [ ] Intentional domain pattern / [ ] False alarm",""
"ITEM-20","dubinc/dub","app/(ee)/api/cron/streams/update-click-stats/route.ts:243","anonymous()","success-boolean","throw","95%+ of module throw vs return error","[ ] Worth fixing / [ ] Intentional domain pattern / [ ] False alarm",""
"ITEM-21","dubinc/dub","app/(ee)/api/cron/import/csv/route.ts:136","mapCsvRowToLink()","success-boolean","throw","95%+ of module throw vs return error","[ ] Worth fixing / [ ] Intentional domain pattern / [ ] False alarm",""
"ITEM-22","calcom/cal.com","conferencing/lib/videoClient.ts:105","updateMeeting()","result-pattern","throw","95%+ of module throw vs return error","[ ] Worth fixing / [ ] Intentional domain pattern / [ ] False alarm",""
"ITEM-23","calcom/cal.com","calendars/lib/CalendarManager.ts:130","anonymous()","error-object","throw","95%+ of module throw vs return error","[ ] Worth fixing / [ ] Intentional domain pattern / [ ] False alarm",""
"ITEM-24","calcom/cal.com","calendars/lib/CalendarManager.ts:296","getBusyCalendarTimes()","success-boolean","throw","95%+ of module throw vs return error","[ ] Worth fixing / [ ] Intentional domain pattern / [ ] False alarm",""
"ITEM-25","calcom/cal.com","calendars/lib/CalendarManager.ts:360","createEvent()","result-pattern","throw","95%+ of module throw vs return error","[ ] Worth fixing / [ ] Intentional domain pattern / [ ] False alarm",""
"ITEM-26","calcom/cal.com","calendars/lib/CalendarManager.ts:453","updateEvent()","result-pattern","throw","95%+ of module throw vs return error","[ ] Worth fixing / [ ] Intentional domain pattern / [ ] False alarm",""
"ITEM-27","calcom/cal.com","bookings/lib/EventManager.ts:377","isCalendarResult()","result-pattern","throw","95%+ of module throw vs return error","[ ] Worth fixing / [ ] Intentional domain pattern / [ ] False alarm",""
"ITEM-28","calcom/cal.com","bookings/lib/EventManager.ts:1100","updateAllCalendarEvents()","result-pattern","throw","95%+ of module throw vs return error","[ ] Worth fixing / [ ] Intentional domain pattern / [ ] False alarm",""
"ITEM-29","calcom/cal.com","bookings/lib/EventManager.ts:1192","anonymous()","success-boolean","throw","95%+ of module throw vs return error","[ ] Worth fixing / [ ] Intentional domain pattern / [ ] False alarm",""
"ITEM-30","calcom/cal.com","bookings/lib/EventManager.ts:1219","anonymous()","success-boolean","throw","95%+ of module throw vs return error","[ ] Worth fixing / [ ] Intentional domain pattern / [ ] False alarm",""
"ITEM-31","calcom/cal.com","watchlist/lib/service/WatchlistOperationsService.ts:67","createWatchlistEntry()","success-boolean","throw","95%+ of module throw vs return error","[ ] Worth fixing / [ ] Intentional domain pattern / [ ] False alarm",""
"ITEM-32","calcom/cal.com","watchlist/lib/service/WatchlistOperationsService.ts:88","deleteWatchlistEntry()","success-boolean","throw","95%+ of module throw vs return error","[ ] Worth fixing / [ ] Intentional domain pattern / [ ] False alarm",""
"ITEM-33","calcom/cal.com","watchlist/lib/service/OrganizationWatchlistOperationsService.ts:73","addToWatchlistByEmail()","success-boolean","throw","95%+ of module throw vs return error","[ ] Worth fixing / [ ] Intentional domain pattern / [ ] False alarm",""
"ITEM-34","calcom/cal.com","watchlist/lib/service/AdminWatchlistOperationsService.ts:157","addToWatchlistByEmail()","success-boolean","throw","95%+ of module throw vs return error","[ ] Worth fixing / [ ] Intentional domain pattern / [ ] False alarm",""
"ITEM-35","calcom/cal.com","watchlist/lib/service/AdminWatchlistOperationsService.ts:228","bulkDismissReportsByEmail()","success-boolean","throw","95%+ of module throw vs return error","[ ] Worth fixing / [ ] Intentional domain pattern / [ ] False alarm",""
"ITEM-36","calcom/cal.com","webhooks/lib/service/WebhookService.ts:270","anonymous()","success-boolean","throw","95%+ of module throw vs return error","[ ] Worth fixing / [ ] Intentional domain pattern / [ ] False alarm",""
"ITEM-37","calcom/cal.com","auth/signup/lib/fetchSignup.ts:28","fetchSignup()","error-object","throw","95%+ of module throw vs return error","[ ] Worth fixing / [ ] Intentional domain pattern / [ ] False alarm",""
"ITEM-38","calcom/cal.com","oauth/services/OAuthService.ts:234","mapErrorToOAuthError()","error-object","throw","95%+ of module throw vs return error","[ ] Worth fixing / [ ] Intentional domain pattern / [ ] False alarm",""
"ITEM-39","calcom/cal.com","oauth/services/OAuthService.ts:385","verifyPKCE()","error-object","throw","95%+ of module throw vs return error","[ ] Worth fixing / [ ] Intentional domain pattern / [ ] False alarm",""
"ITEM-40","calcom/cal.com","api-keys-legacy/api-keys/services/ApiKeyService.ts:26","verifyKeyByHashedKey()","error-object","throw","95%+ of module throw vs return error","[ ] Worth fixing / [ ] Intentional domain pattern / [ ] False alarm",""
"ITEM-41","calcom/cal.com","auth/signup/utils/prefillAvatar.ts:1","prefillAvatar.ts","node-fetch","native-fetch","95%+ of module throw vs return error","[ ] Worth fixing / [ ] Intentional domain pattern / [ ] False alarm",""
